sku_id,product_name,department,is_perishable,total_units_sold,total_revenue,avg_stock_on_hand,stores_stocking,inventory_turns,capital_tied_up_inr,inventory_signal
24852,Banana,produce,1,13727,4913991,45.9,40,299.1,12821,"FAST MOVER — Increase restock frequency"
13176,"Bag of Organic Bananas",produce,1,11634,2081672,44.7,25,260.3,7356,"FAST MOVER — Increase restock frequency"
21137,"Organic Strawberries",produce,1,8430,1098345,41.7,40,202.2,4309,"FAST MOVER — Increase restock frequency"
47209,"Organic Hass Avocado",produce,1,6710,407364,38.4,40,174.7,1977,"FAST MOVER — Increase restock frequency"
21903,"Organic Baby Spinach",produce,1,7129,1335190,44.6,25,159.8,6559,"FAST MOVER — Increase restock frequency"
47626,"Large Lemon",produce,1,5068,1088150,37.5,40,135.1,7017,"STEADY MOVER — Maintain current levels"
47766,"Organic Avocado",produce,1,5114,388613,42.0,25,121.8,2858,"STEADY MOVER — Maintain current levels"
26209,Limes,produce,1,4620,1235203,40.7,40,113.5,9814,"STEADY MOVER — Maintain current levels"
27845,"Organic Whole Milk","dairy eggs",1,4521,1327094,44.5,25,101.6,11461,"STEADY MOVER — Maintain current levels"
45007,"Organic Zucchini",produce,1,3053,364009,30.8,40,99.1,2797,"STEADY MOVER — Maintain current levels"
16797,Strawberries,produce,1,4271,792740,45.6,25,93.7,7393,"STEADY MOVER — Maintain current levels"
27966,"Organic Raspberries",produce,1,4318,954451,48.2,40,89.6,8839,"STEADY MOVER — Maintain current levels"
24964,"Organic Garlic",produce,1,3494,587062,41.1,40,85.0,5449,"STEADY MOVER — Maintain current levels"
39275,"Organic Blueberries",produce,1,3050,369294,38.2,40,79.8,3828,"DEAD STOCK — Consider delisting"
28204,"Organic Fuji Apple",produce,1,2829,148042,36.9,40,76.7,1689,"SLOW MOVER — Reduce stock depth"
22935,"Organic Yellow Onion",produce,1,3229,947033,42.8,25,75.4,10456,"SLOW MOVER — Reduce stock depth"
49683,"Cucumber Kirby",produce,1,3280,556386,43.5,40,75.4,5839,"SLOW MOVER — Reduce stock depth"
30391,"Organic Cucumber",produce,1,2679,908663,40.0,40,67.0,11068,"SLOW MOVER — Reduce stock depth"
5876,"Organic Lemon",produce,1,2587,685115,41.4,40,62.5,9204,"SLOW MOVER — Reduce stock depth"
8277,"Apple Honeycrisp Organic",produce,1,2567,506341,41.2,40,62.3,6831,"SLOW MOVER — Reduce stock depth"
45066,"Honeycrisp Apple",produce,1,2255,644705,37.3,40,60.5,9118,"SLOW MOVER — Reduce stock depth"
49235,"Organic Half & Half","dairy eggs",1,2504,327749,42.0,40,59.6,4072,"SLOW MOVER — Reduce stock depth"
27104,"Fresh Cauliflower",produce,1,2341,143527,40.6,40,57.7,2031,"SLOW MOVER — Reduce stock depth"
17794,Carrots,produce,1,2347,652865,40.8,40,57.5,8446,"SLOW MOVER — Reduce stock depth"
37646,"Organic Gala Apples",produce,1,2387,277393,42.1,40,56.7,4347,"SLOW MOVER — Reduce stock depth"
40706,"Organic Grape Tomatoes",produce,1,2413,111891,44.0,40,54.8,1560,"SLOW MOVER — Reduce stock depth"
42265,"Organic Baby Carrots",produce,1,2369,718518,43.3,40,54.7,10680,"SLOW MOVER — Reduce stock depth"
44632,"Sparkling Water Grapefruit",beverages,1,2458,817113,45.3,40,54.3,12454,"SLOW MOVER — Reduce stock depth"
21616,"Organic Baby Arugula",produce,1,2112,499235,39.1,40,54.0,7941,"SLOW MOVER — Reduce stock depth"
19057,"Organic Large Extra Fancy Fuji Apple",produce,1,2233,142488,41.4,40,53.9,2344,"SLOW MOVER — Reduce stock depth"
44359,"Organic Small Bunch Celery",produce,1,2141,67313,39.9,40,53.7,1059,"SLOW MOVER — Reduce stock depth"
22035,"Organic Whole String Cheese","dairy eggs",1,2027,122309,38.5,40,52.6,2053,"SLOW MOVER — Reduce stock depth"
4920,"Seedless Red Grapes",produce,1,2312,670942,44.7,40,51.7,11708,"SLOW MOVER — Reduce stock depth"
46979,Asparagus,produce,1,2018,85442,40.2,40,50.2,1319,"SLOW MOVER — Reduce stock depth"
43352,Raspberries,produce,1,2055,335808,41.3,40,49.8,5214,"SLOW MOVER — Reduce stock depth"
30489,"Original Hummus",deli,1,2093,51279,43.4,40,48.2,822,"SLOW MOVER — Reduce stock depth"
4605,"Yellow Onions",produce,1,2152,233427,45.2,40,47.6,4092,"SLOW MOVER — Reduce stock depth"
28985,"Michigan Organic Kale",produce,1,2226,303471,47.1,40,47.3,5676,"SLOW MOVER — Reduce stock depth"
26604,"Organic Blackberries",produce,1,1974,163112,43.3,40,45.6,3163,"SLOW MOVER — Reduce stock depth"
8518,"Organic Red Onion",produce,1,2110,317281,46.4,40,45.5,6133,"SLOW MOVER — Reduce stock depth"
27086,"Half & Half","dairy eggs",1,2114,256005,48.4,40,43.7,4916,"SLOW MOVER — Reduce stock depth"
34126,"Organic Italian Parsley Bunch",produce,1,1904,170617,43.8,40,43.5,3282,"SLOW MOVER — Reduce stock depth"
25890,"Boneless Skinless Chicken Breasts","meat seafood",1,1574,72656,36.5,40,43.1,1262,"SLOW MOVER — Reduce stock depth"
24184,"Red Peppers",produce,1,1870,290579,43.7,40,42.8,5403,"SLOW MOVER — Reduce stock depth"
31717,"Organic Cilantro",produce,1,1996,75828,47.0,40,42.5,1621,"SLOW MOVER — Reduce stock depth"
35951,"Organic Unsweetened Almond Milk","dairy eggs",1,1713,188978,40.3,40,42.5,4109,"SLOW MOVER — Reduce stock depth"
12341,"Hass Avocados",produce,1,1892,381257,44.9,40,42.1,7078,"SLOW MOVER — Reduce stock depth"
27521,"Organic Lacinato (Dinosaur) Kale",produce,1,1566,551201,39.6,40,39.5,10745,"SLOW MOVER — Reduce stock depth"
10749,"Organic Red Bell Pepper",produce,1,1776,574944,46.0,40,38.6,11627,"SLOW MOVER — Reduce stock depth"
15290,"Orange Bell Pepper",produce,1,1317,201461,34.3,40,38.4,4455,"SLOW MOVER — Reduce stock depth"
39877,"Organic Granny Smith Apple",produce,1,1627,452664,42.6,40,38.2,9382,"SLOW MOVER — Reduce stock depth"
21938,"Green Bell Pepper",produce,1,1663,523546,43.5,40,38.2,11952,"SLOW MOVER — Reduce stock depth"
43961,"Organic Peeled Whole Baby Carrots",produce,1,1624,334073,42.5,40,38.2,6765,"SLOW MOVER — Reduce stock depth"
19660,"Spring Water",beverages,1,1594,61688,41.9,40,38.0,1419,"SLOW MOVER — Reduce stock depth"
5077,"100% Whole Wheat Bread",bakery,1,1685,392369,44.6,40,37.8,9151,"SLOW MOVER — Reduce stock depth"
34969,"Red Vine Tomato",produce,1,1626,69609,43.7,40,37.2,1461,"SLOW MOVER — Reduce stock depth"
35221,"Lime Sparkling Water",beverages,1,1508,343975,41.4,40,36.4,7162,"SLOW MOVER — Reduce stock depth"
46667,"Organic Ginger Root",produce,1,1420,296439,39.3,40,36.1,6865,"SLOW MOVER — Reduce stock depth"
31506,"Extra Virgin Olive Oil",pantry,0,1480,176135,41.1,40,36.0,3902,"SLOW MOVER — Reduce stock depth"
9839,"Organic Broccoli",produce,1,1303,430133,36.2,40,36.0,9106,"SLOW MOVER — Reduce stock depth"
41950,"Organic Tomato Cluster",produce,1,1771,476275,49.4,40,35.9,10927,"SLOW MOVER — Reduce stock depth"
24838,"Unsweetened Almondmilk","dairy eggs",1,1584,424924,44.3,40,35.8,10906,"SLOW MOVER — Reduce stock depth"
9076,Blueberries,frozen,0,1708,100857,47.9,40,35.7,2589,"SLOW MOVER — Reduce stock depth"
29487,"Roma Tomato",produce,1,1414,125309,41.6,40,34.0,3309,"SLOW MOVER — Reduce stock depth"
44142,"Red Onion",produce,1,1278,245197,37.9,40,33.7,6134,"SLOW MOVER — Reduce stock depth"
33198,"Sparkling Natural Mineral Water",beverages,1,1406,464978,43.0,40,32.7,11546,"SLOW MOVER — Reduce stock depth"
28842,"Bunched Cilantro",produce,1,1318,200257,40.3,40,32.7,5353,"SLOW MOVER — Reduce stock depth"
27344,"Uncured Genoa Salami",deli,1,1214,85138,37.3,40,32.5,1951,"SLOW MOVER — Reduce stock depth"
33731,"Grated Parmesan","dairy eggs",1,1427,445723,44.0,40,32.4,10782,"SLOW MOVER — Reduce stock depth"
7781,"Organic Sticks Low Moisture Part Skim Mozzarella String Cheese","dairy eggs",1,1103,115694,34.2,40,32.3,2822,"SLOW MOVER — Reduce stock depth"
48679,"Organic Garnet Sweet Potato (Yam)",produce,1,1416,383594,43.9,40,32.3,8939,"SLOW MOVER — Reduce stock depth"
11520,"Large Alfresco Eggs","dairy eggs",1,1452,206460,46.2,40,31.4,5783,"SLOW MOVER — Reduce stock depth"
21709,"Sparkling Lemon Water",beverages,1,1090,194369,35.2,40,31.0,5680,"SLOW MOVER — Reduce stock depth"
43122,"Organic Bartlett Pear",produce,1,1146,92631,37.1,40,30.9,2677,"SLOW MOVER — Reduce stock depth"
4210,"Whole Milk","dairy eggs",1,1283,27969,41.7,40,30.8,728,"SLOW MOVER — Reduce stock depth"
8424,"Broccoli Crown",produce,1,1311,268912,43.6,40,30.1,7664,"SLOW MOVER — Reduce stock depth"
39928,"Organic Kiwi",produce,1,1354,380826,45.8,40,29.6,10266,"DEAD STOCK — Consider delisting"
8174,"Organic Navel Orange",produce,1,1263,231457,43.4,40,29.1,7027,"DEAD STOCK — Consider delisting"
34243,"Organic Baby Broccoli",produce,1,1169,415568,40.3,40,29.0,11012,"DEAD STOCK — Consider delisting"
5450,"Small Hass Avocado",produce,1,1287,248481,44.4,40,29.0,7167,"DEAD STOCK — Consider delisting"
5785,"Organic Reduced Fat 2% Milk","dairy eggs",1,1363,484547,47.3,40,28.8,12946,"DEAD STOCK — Consider delisting"
196,Soda,beverages,1,1023,81922,35.9,40,28.5,2577,"DEAD STOCK — Consider delisting"
16759,"Organic Carrot Bunch",produce,1,1220,58597,42.9,40,28.4,1617,"DEAD STOCK — Consider delisting"
46906,"Grape White/Green Seedless",produce,1,1162,347670,41.6,40,27.9,11128,"DEAD STOCK — Consider delisting"
22825,"Organic D'Anjou Pears",produce,1,1342,360730,48.3,40,27.8,11227,"DEAD STOCK — Consider delisting"
42736,"Unsalted Butter","dairy eggs",1,1167,292975,43.1,40,27.1,9685,"DEAD STOCK — Consider delisting"
20114,"Jalapeno Peppers",produce,1,1090,172787,40.6,40,26.8,5334,"DEAD STOCK — Consider delisting"
9387,"Granny Smith Apples",produce,1,1156,281000,44.2,40,26.2,9077,"DEAD STOCK — Consider delisting"
18465,"Organic Grade A Free Range Large Brown Eggs","dairy eggs",1,1016,72868,39.6,40,25.7,2186,"DEAD STOCK — Consider delisting"
33000,"Pure Irish Butter","dairy eggs",1,900,304884,35.3,40,25.5,9450,"DEAD STOCK — Consider delisting"
41787,"Bartlett Pears",produce,1,1036,298627,40.6,40,25.5,10335,"DEAD STOCK — Consider delisting"
38689,"Organic Reduced Fat Milk","dairy eggs",1,1084,303748,43.6,40,24.9,9855,"DEAD STOCK — Consider delisting"
4799,"Shredded Parmesan","dairy eggs",1,1072,23798,43.2,40,24.8,737,"DEAD STOCK — Consider delisting"
20995,"Organic Broccoli Florets",frozen,0,1090,85140,44.5,40,24.5,2808,"DEAD STOCK — Consider delisting"
6184,Clementines,produce,1,978,94044,39.9,40,24.5,2950,"DEAD STOCK — Consider delisting"
27156,"Organic Black Beans","canned goods",0,1134,234205,46.5,40,24.4,7239,"DEAD STOCK — Consider delisting"
17948,"Frozen Organic Wild Blueberries",frozen,0,1005,23065,41.5,40,24.2,778,"DEAD STOCK — Consider delisting"
47144,"Unsweetened Original Almond Breeze Almond Milk","dairy eggs",1,1136,165936,47.4,40,24.0,5384,"DEAD STOCK — Consider delisting"
3957,"100% Raw Coconut Water",beverages,1,1104,166936,46.2,40,23.9,5538,"DEAD STOCK — Consider delisting"
40604,"Feta Cheese Crumbles","dairy eggs",1,945,84048,39.6,40,23.9,2609,"DEAD STOCK — Consider delisting"
38383,"Organic White Onions",produce,1,957,238867,40.4,40,23.7,7490,"DEAD STOCK — Consider delisting"
28199,"Clementines, Bag",produce,1,1050,324303,44.9,40,23.4,11933,"DEAD STOCK — Consider delisting"
41220,"Organic Romaine Lettuce",produce,1,1058,84344,45.2,40,23.4,2844,"DEAD STOCK — Consider delisting"
37687,"Organic Spring Mix",produce,1,976,218243,42.0,40,23.2,7678,"DEAD STOCK — Consider delisting"
26369,"Organic Roma Tomato",produce,1,864,93459,37.6,40,23.0,3299,"DEAD STOCK — Consider delisting"
46676,"Total 0% Nonfat Greek Yogurt","dairy eggs",1,875,103294,38.0,40,23.0,4110,"DEAD STOCK — Consider delisting"
23909,"2% Reduced Fat Milk","dairy eggs",1,1009,298381,44.4,40,22.7,10952,"DEAD STOCK — Consider delisting"
33754,"Total 2% with Strawberry Lowfat Greek Strained Yogurt","dairy eggs",1,906,185340,40.4,40,22.4,7034,"DEAD STOCK — Consider delisting"
42585,"Organic Extra Firm Tofu",deli,1,871,289216,39.0,40,22.3,9728,"DEAD STOCK — Consider delisting"
19348,"Fat Free Milk","dairy eggs",1,881,133842,39.8,40,22.1,5553,"DEAD STOCK — Consider delisting"
32655,"Organic Large Grade AA Brown Eggs","dairy eggs",1,862,215621,39.3,40,21.9,8849,"DEAD STOCK — Consider delisting"
42768,"Organic Garbanzo Beans","canned goods",0,988,307940,45.4,40,21.8,11718,"DEAD STOCK — Consider delisting"
46802,"Pineapple Chunks",frozen,0,854,37311,39.3,40,21.7,1371,"DEAD STOCK — Consider delisting"
41290,Lemonade,beverages,1,690,178027,32.0,40,21.6,7341,"DEAD STOCK — Consider delisting"
20842,"Total 0% Greek Yogurt","dairy eggs",1,724,156152,33.5,40,21.6,5618,"DEAD STOCK — Consider delisting"
432,"Vanilla Almond Breeze Almond Milk","dairy eggs",1,962,214468,44.8,40,21.5,8495,"DEAD STOCK — Consider delisting"
34358,Garlic,produce,1,947,24774,44.1,40,21.5,1000,"DEAD STOCK — Consider delisting"
36011,"Organic Fat Free Milk","dairy eggs",1,866,63045,40.9,40,21.2,2518,"DEAD STOCK — Consider delisting"
32689,"Romaine Hearts",produce,1,833,195305,40.0,40,20.8,8241,"DEAD STOCK — Consider delisting"
34050,"Orange Juice",beverages,1,775,112019,37.8,40,20.5,4249,"DEAD STOCK — Consider delisting"
24489,"Organic Whole Strawberries",frozen,0,895,40248,43.6,40,20.5,1519,"DEAD STOCK — Consider delisting"
42828,"Whipped Cream Cheese","dairy eggs",1,985,256839,48.4,40,20.4,10459,"DEAD STOCK — Consider delisting"
19678,"Organic Russet Potato",produce,1,864,135337,43.1,40,20.0,5502,"DEAD STOCK — Consider delisting"
39475,"Total Greek Strained Yogurt","dairy eggs",1,865,262640,43.2,40,20.0,11894,"DEAD STOCK — Consider delisting"
22963,"Organic Roasted Turkey Breast",deli,1,895,137033,45.0,40,19.9,5173,"DEAD STOCK — Consider delisting"
1463,"Organic Milk","dairy eggs",1,848,32521,43.9,40,19.3,1247,"DEAD STOCK — Consider delisting"
21405,"Organic Red Radish, Bunch",produce,1,921,153162,48.3,40,19.1,6332,"DEAD STOCK — Consider delisting"
14992,"Green Beans",produce,1,806,33651,42.2,40,19.1,1404,"DEAD STOCK — Consider delisting"
2295,"Yellow Bell Pepper",produce,1,780,179907,41.1,40,19.0,7825,"DEAD STOCK — Consider delisting"
42342,"Roasted Turkey Breast",deli,1,633,157079,33.5,40,18.9,6818,"DEAD STOCK — Consider delisting"
39408,"Gala Apples",produce,1,775,250325,41.1,40,18.9,11048,"DEAD STOCK — Consider delisting"
29447,"Milk, Organic, Vitamin D","dairy eggs",1,897,267171,47.7,40,18.8,12991,"DEAD STOCK — Consider delisting"
1940,"Organic 2% Reduced Fat Milk","dairy eggs",1,811,58019,43.1,40,18.8,2546,"DEAD STOCK — Consider delisting"
5479,"Italian Sparkling Mineral Water",beverages,1,813,234014,43.5,40,18.7,11015,"DEAD STOCK — Consider delisting"
25659,"Organic Coconut Milk","dairy eggs",1,806,138922,43.2,40,18.7,5909,"DEAD STOCK — Consider delisting"
41844,"Honey Nut Cheerios",breakfast,0,795,264210,43.2,40,18.4,11918,"DEAD STOCK — Consider delisting"
41665,"Organic Mexican Blend Finely Shredded Cheese","dairy eggs",1,707,62315,38.7,40,18.3,2980,"DEAD STOCK — Consider delisting"
14678,"Organic Frozen Peas",frozen,0,571,159086,31.3,40,18.2,7074,"DEAD STOCK — Consider delisting"
14947,"Pure Sparkling Water",beverages,1,734,93915,40.5,40,18.1,4334,"DEAD STOCK — Consider delisting"
21288,Blackberries,produce,1,693,93617,38.3,40,18.1,3856,"DEAD STOCK — Consider delisting"
43154,"Sparkling Mineral Water",beverages,1,683,117408,37.8,40,18.1,5854,"DEAD STOCK — Consider delisting"
16185,"Sharp Cheddar Cheese","dairy eggs",1,891,26383,49.7,40,17.9,1124,"DEAD STOCK — Consider delisting"
48364,"Sweet Onion",produce,1,602,146960,33.7,40,17.9,6470,"DEAD STOCK — Consider delisting"
11777,"Red Raspberries",produce,1,783,243842,43.7,40,17.9,10577,"DEAD STOCK — Consider delisting"
30233,"Organic Large Brown Grade AA Cage Free Eggs","dairy eggs",1,787,16259,44.2,40,17.8,696,"DEAD STOCK — Consider delisting"
43789,"Organic Basil",produce,1,844,152747,48.5,40,17.4,7455,"DEAD STOCK — Consider delisting"
25146,"Original Orange Juice",beverages,1,754,99211,43.6,40,17.3,4796,"DEAD STOCK — Consider delisting"
18523,"Total 2% All Natural Greek Strained Yogurt with Honey","dairy eggs",1,780,211076,45.5,40,17.1,9900,"DEAD STOCK — Consider delisting"
7948,"Organic Unsalted Butter","dairy eggs",1,729,144539,43.0,40,17.0,6570,"DEAD STOCK — Consider delisting"
5025,"Green Onions",produce,1,705,45797,41.7,40,16.9,2343,"DEAD STOCK — Consider delisting"
26940,"Organic Large Green Asparagus",produce,1,661,82354,39.2,40,16.9,4378,"DEAD STOCK — Consider delisting"
43768,"Organic Bell Pepper",produce,1,709,113738,42.1,40,16.8,5420,"DEAD STOCK — Consider delisting"
28849,"No Salt Added Black Beans","canned goods",0,742,38799,44.1,40,16.8,1823,"DEAD STOCK — Consider delisting"
44910,"Organic Spring Mix Salad",produce,1,716,146200,43.0,40,16.7,6518,"DEAD STOCK — Consider delisting"
13870,"Lightly Salted Baked Snap Pea Crisps",snacks,0,713,175091,42.9,40,16.6,9362,"DEAD STOCK — Consider delisting"
18531,"Organic Heavy Whipping Cream","dairy eggs",1,725,66229,44.0,40,16.5,3292,"DEAD STOCK — Consider delisting"
36865,"Non Fat Raspberry Yogurt","dairy eggs",1,751,37114,45.7,40,16.4,2080,"DEAD STOCK — Consider delisting"
44683,"Brussels Sprouts",produce,1,697,175902,42.6,40,16.4,9800,"DEAD STOCK — Consider delisting"
38293,"Ground Turkey Breast","meat seafood",1,805,143371,49.4,40,16.3,6618,"DEAD STOCK — Consider delisting"
40396,Guacamole,deli,1,707,205475,43.5,40,16.3,10026,"DEAD STOCK — Consider delisting"
36695,"Organic Hothouse Cucumbers",produce,1,779,122506,47.8,40,16.3,6243,"DEAD STOCK — Consider delisting"
8859,"Natural Spring Water",beverages,1,682,36248,41.8,40,16.3,1662,"DEAD STOCK — Consider delisting"
42701,"Organic Sour Cream","dairy eggs",1,705,91157,43.5,40,16.2,5104,"DEAD STOCK — Consider delisting"
8193,"Russet Potato",produce,1,840,216266,51.9,40,16.2,10094,"DEAD STOCK — Consider delisting"
31343,"Shredded Mild Cheddar Cheese","dairy eggs",1,747,205649,46.7,40,16.0,9701,"DEAD STOCK — Consider delisting"
30450,"Creamy Almond Butter",pantry,0,741,42963,46.3,40,16.0,2043,"DEAD STOCK — Consider delisting"
43713,"Organic Creamy Peanut Butter",pantry,0,549,117080,34.5,40,15.9,5775,"DEAD STOCK — Consider delisting"
18441,"Organic Ketchup",pantry,0,541,23420,34.0,40,15.9,1177,"DEAD STOCK — Consider delisting"
8021,"100% Recycled Paper Towels",household,0,780,186319,49.1,40,15.9,10101,"DEAD STOCK — Consider delisting"
23734,"Sour Cream","dairy eggs",1,628,198925,39.4,40,15.9,10670,"DEAD STOCK — Consider delisting"
43772,"Cherubs Heavenly Salad Tomatoes",produce,1,694,130430,44.0,40,15.8,7314,"DEAD STOCK — Consider delisting"
4957,"Total 2% Lowfat Greek Strained Yogurt With Blueberry","dairy eggs",1,628,70537,39.8,40,15.8,3386,"DEAD STOCK — Consider delisting"
40310,"Oven Roasted Turkey Breast",deli,1,703,43945,44.7,40,15.7,2198,"DEAD STOCK — Consider delisting"
43295,"Unsweetened Vanilla Almond Milk","dairy eggs",1,659,57181,41.9,40,15.7,3267,"DEAD STOCK — Consider delisting"
35108,"Salted Butter","dairy eggs",1,594,87900,38.6,40,15.4,4874,"DEAD STOCK — Consider delisting"
47672,"Uncured Hickory Smoked Sunday Bacon","meat seafood",1,728,105400,47.3,40,15.4,5560,"DEAD STOCK — Consider delisting"
34448,"Original Veggie Straws",snacks,0,608,185142,39.6,40,15.4,10265,"DEAD STOCK — Consider delisting"
6046,"Boneless Skinless Chicken Breast","meat seafood",1,765,84747,50.3,40,15.2,4311,"DEAD STOCK — Consider delisting"
5212,"Watermelon Chunks",produce,1,763,161413,50.1,40,15.2,9210,"DEAD STOCK — Consider delisting"
46969,"Organic Bosc Pear",produce,1,665,155145,43.7,40,15.2,8508,"DEAD STOCK — Consider delisting"
37158,"Chicken & Maple Breakfast Sausage",frozen,0,550,79712,36.3,40,15.2,4745,"DEAD STOCK — Consider delisting"
23375,"Marinara Sauce","dry goods pasta",0,695,102665,45.7,40,15.2,5361,"DEAD STOCK — Consider delisting"
35547,"Organic Baby Kale",produce,1,671,140655,44.5,40,15.1,7827,"DEAD STOCK — Consider delisting"
49075,"Organic Brown Rice",frozen,0,578,141032,38.6,40,15.0,8664,"DEAD STOCK — Consider delisting"
24830,"Organic Romaine",produce,1,627,84551,41.8,40,15.0,4836,"DEAD STOCK — Consider delisting"
26620,"Peach Pear Flavored Sparkling Water",beverages,1,711,176371,47.6,40,14.9,9263,"DEAD STOCK — Consider delisting"
26283,"White Corn",produce,1,612,125907,41.0,40,14.9,6829,"DEAD STOCK — Consider delisting"
35939,"Organic Jalapeno Pepper",produce,1,652,183127,43.7,40,14.9,9542,"DEAD STOCK — Consider delisting"
16953,"Creamy Peanut Butter",pantry,0,683,154167,46.0,40,14.8,8563,"DEAD STOCK — Consider delisting"
28289,"Organic Shredded Carrots",produce,1,639,39152,43.2,40,14.8,2201,"DEAD STOCK — Consider delisting"
28156,"Total 0% Nonfat Plain Greek Yogurt","dairy eggs",1,552,114766,37.2,40,14.8,6958,"DEAD STOCK — Consider delisting"
44987,"Heavy Whipping Cream","dairy eggs",1,616,94291,42.0,40,14.7,5899,"DEAD STOCK — Consider delisting"
26165,"Electrolyte Enhanced Water",beverages,1,608,96088,41.3,40,14.7,5619,"DEAD STOCK — Consider delisting"
21376,"Pretzel Crisps Original Deli Style Pretzel Crackers",snacks,0,546,146918,37.3,40,14.6,8037,"DEAD STOCK — Consider delisting"
1158,"Mango Chunks",frozen,0,590,34757,40.8,40,14.5,2128,"DEAD STOCK — Consider delisting"
38777,"Organic Green Seedless Grapes",produce,1,664,30810,45.7,40,14.5,1615,"DEAD STOCK — Consider delisting"
13984,"Organic Mint",produce,1,673,167294,46.4,40,14.5,10260,"DEAD STOCK — Consider delisting"
30776,"Organic Raw Kombucha Gingerade",beverages,1,553,20455,38.2,40,14.5,1104,"DEAD STOCK — Consider delisting"
25931,"Organic Baby Spinach Salad",produce,1,542,68460,37.6,40,14.4,3545,"DEAD STOCK — Consider delisting"
42450,"Macaroni & Cheese",frozen,0,571,29755,40.0,40,14.3,1572,"DEAD STOCK — Consider delisting"
35921,"Organic Large Grade A Brown Eggs","dairy eggs",1,620,12270,43.5,40,14.3,741,"DEAD STOCK — Consider delisting"
33120,"Organic Egg Whites","dairy eggs",1,572,94855,40.0,40,14.3,5178,"DEAD STOCK — Consider delisting"
18027,"Ezekiel 4:9 Bread Organic Sprouted Whole Grain",bakery,1,661,147152,46.3,40,14.3,9252,"DEAD STOCK — Consider delisting"
40199,"Chocolate Chip Cookies",snacks,0,515,177340,36.2,40,14.2,9826,"DEAD STOCK — Consider delisting"
5818,"White Onion",produce,1,572,15781,40.7,40,14.1,878,"DEAD STOCK — Consider delisting"
26790,"Organic AppleApple","canned goods",0,581,139603,41.3,40,14.1,7496,"DEAD STOCK — Consider delisting"
36550,"Organic Extra Large Grade AA Brown Eggs","dairy eggs",1,434,19426,31.1,40,14.0,1061,"DEAD STOCK — Consider delisting"
23165,"Organic Leek",produce,1,612,60674,43.6,40,14.0,3352,"DEAD STOCK — Consider delisting"
33787,"Total 2% Lowfat Greek Strained Yogurt with Peach","dairy eggs",1,570,47054,41.1,40,13.9,3059,"DEAD STOCK — Consider delisting"
38159,"Organic Yellow Peaches",produce,1,620,42396,44.5,40,13.9,2714,"DEAD STOCK — Consider delisting"
2086,"Sustainably Soft Bath Tissue",household,0,525,176715,37.7,40,13.9,9822,"DEAD STOCK — Consider delisting"
24799,"Vanilla Skyr Nonfat Yogurt","dairy eggs",1,631,199005,45.4,40,13.9,10929,"DEAD STOCK — Consider delisting"
39984,"Organic Dill",produce,1,490,56433,35.4,40,13.8,3197,"DEAD STOCK — Consider delisting"
17872,"Total 2% Lowfat Plain Greek Yogurt","dairy eggs",1,572,62977,41.3,40,13.8,3862,"DEAD STOCK — Consider delisting"
22959,"Reduced Fat Milk 100% Lactose Free","dairy eggs",1,477,62411,34.9,40,13.7,3715,"DEAD STOCK — Consider delisting"
2078,"Unsalted Pure Irish Butter","dairy eggs",1,631,98038,45.9,40,13.7,5298,"DEAD STOCK — Consider delisting"
29987,"Shredded Mozzarella","dairy eggs",1,541,43047,39.5,40,13.7,2761,"DEAD STOCK — Consider delisting"
260,Cantaloupe,produce,1,516,99134,37.6,40,13.7,6306,"DEAD STOCK — Consider delisting"
2966,"Pure Coconut Water",beverages,1,638,189492,46.6,40,13.7,12564,"DEAD STOCK — Consider delisting"
27548,"Original Semisoft Cheese","dairy eggs",1,527,24342,38.8,40,13.6,1510,"DEAD STOCK — Consider delisting"
31553,"Fresh Ginger Root",produce,1,697,26228,51.2,40,13.6,1593,"DEAD STOCK — Consider delisting"
44422,"Organic Old Fashioned Rolled Oats",breakfast,0,559,49840,41.1,40,13.6,3379,"DEAD STOCK — Consider delisting"
890,"Organic Diced Tomatoes","canned goods",0,671,26605,49.8,40,13.5,1547,"DEAD STOCK — Consider delisting"
10246,"Organic Celery Hearts",produce,1,583,200220,43.3,40,13.5,11985,"DEAD STOCK — Consider delisting"
38456,"Large Grapefruit",produce,1,604,95867,45.0,40,13.4,5919,"DEAD STOCK — Consider delisting"
47734,"Organic Green Cabbage",produce,1,597,167094,44.4,40,13.4,9784,"DEAD STOCK — Consider delisting"
48205,Spinach,produce,1,559,202766,41.9,40,13.3,11701,"DEAD STOCK — Consider delisting"
28465,"Icelandic Style Skyr Blueberry Non-fat Yogurt","dairy eggs",1,579,93462,43.5,40,13.3,5484,"DEAD STOCK — Consider delisting"
12456,"Organic Sunday Bacon","meat seafood",1,571,175006,42.8,40,13.3,10825,"DEAD STOCK — Consider delisting"
23288,"Distilled Water",beverages,1,588,70531,44.5,40,13.2,4420,"DEAD STOCK — Consider delisting"
49191,"Cran Raspberry Sparkling Water",beverages,1,481,31328,37.4,40,12.9,1847,"DEAD STOCK — Consider delisting"
30720,"Sugar Snap Peas",produce,1,568,105341,43.9,40,12.9,7509,"DEAD STOCK — Consider delisting"
37067,"Organic Banana",produce,1,545,170481,42.2,40,12.9,9938,"DEAD STOCK — Consider delisting"
7021,"Organic Tomato Paste","canned goods",0,596,66597,46.1,40,12.9,4737,"DEAD STOCK — Consider delisting"
27730,"Almond Breeze Original Almond Milk","dairy eggs",1,486,107518,38.0,40,12.8,6457,"DEAD STOCK — Consider delisting"
11182,"Baby Spinach",produce,1,582,23711,45.6,40,12.8,1658,"DEAD STOCK — Consider delisting"
18370,"Organic Shredded Mozzarella","dairy eggs",1,565,28052,44.0,40,12.8,1990,"DEAD STOCK — Consider delisting"
32478,"Reduced Fat 2% Milk","dairy eggs",1,578,97191,45.1,40,12.8,6099,"DEAD STOCK — Consider delisting"
25138,"Organic Plain Greek Whole Milk Yogurt","dairy eggs",1,533,18767,41.6,40,12.8,1131,"DEAD STOCK — Consider delisting"
6348,"Mini Original Babybel Cheese","dairy eggs",1,558,52006,43.8,40,12.7,3244,"DEAD STOCK — Consider delisting"
38400,"Asparation/Broccolini/Baby Broccoli",produce,1,511,155794,40.3,40,12.7,9834,"DEAD STOCK — Consider delisting"
17949,"Mild Cheddar Cheese Sticks","dairy eggs",1,481,14247,38.0,40,12.7,1028,"DEAD STOCK — Consider delisting"
32864,"Organic Baby Rainbow Carrots",produce,1,532,85833,42.0,40,12.7,5380,"DEAD STOCK — Consider delisting"
27695,"Natural Chicken & Sage Breakfast Sausage","meat seafood",1,519,98127,41.0,40,12.7,6445,"DEAD STOCK — Consider delisting"
38928,"0% Greek Strained Yogurt","dairy eggs",1,557,120641,43.7,40,12.7,7778,"DEAD STOCK — Consider delisting"
17600,"YoKids Squeezers Organic Low-Fat Yogurt, Strawberry","dairy eggs",1,454,49917,35.9,40,12.6,3456,"DEAD STOCK — Consider delisting"
30169,"Total 2% All Natural Plain Greek Yogurt","dairy eggs",1,574,65608,45.5,40,12.6,4644,"DEAD STOCK — Consider delisting"
31683,"Original No Pulp 100% Florida Orange Juice",beverages,1,531,75365,42.2,40,12.6,5400,"DEAD STOCK — Consider delisting"
21019,"Roasted Red Pepper Hummus",deli,1,469,153851,37.5,40,12.5,10193,"DEAD STOCK — Consider delisting"
39812,"Organic Thyme",produce,1,559,73570,44.8,40,12.5,5099,"DEAD STOCK — Consider delisting"
31040,"Sea Salt Pita Chips",snacks,0,498,134216,40.1,40,12.4,8869,"DEAD STOCK — Consider delisting"
40174,"2% Reduced Fat Organic Milk","dairy eggs",1,523,132513,42.6,40,12.3,8131,"DEAD STOCK — Consider delisting"
18362,"Organic Bread with 21 Whole Grains",bakery,1,513,159538,41.8,40,12.3,11322,"DEAD STOCK — Consider delisting"
35503,"Organic Vanilla Almond Milk","dairy eggs",1,547,38678,44.6,40,12.3,2529,"DEAD STOCK — Consider delisting"
45535,"Organic Low Sodium Chicken Broth","canned goods",0,484,57364,39.2,40,12.3,4110,"DEAD STOCK — Consider delisting"
45633,"Organic Beef Hot Dogs","meat seafood",1,490,142154,39.9,40,12.3,9069,"DEAD STOCK — Consider delisting"
39180,"Organic Lowfat 1% Milk","dairy eggs",1,524,118309,42.7,40,12.3,7207,"DEAD STOCK — Consider delisting"
40571,"Total 2% Greek Strained Yogurt with Cherry 5.3 oz","dairy eggs",1,534,167179,43.3,40,12.3,11564,"DEAD STOCK — Consider delisting"
42445,"Organic Plain Whole Milk Yogurt","dairy eggs",1,501,81853,41.1,40,12.2,5510,"DEAD STOCK — Consider delisting"
19048,"Organic Butternut Squash",produce,1,536,111563,43.8,40,12.2,7917,"DEAD STOCK — Consider delisting"
19508,"Corn Tortillas",bakery,1,493,126666,40.8,40,12.1,8255,"DEAD STOCK — Consider delisting"
37766,"XL Emerald White Seedless Grapes",produce,1,471,40925,39.3,40,12.0,3050,"DEAD STOCK — Consider delisting"
33768,"Sinfully Sweet Campari Tomatoes",produce,1,505,84668,42.0,40,12.0,6277,"DEAD STOCK — Consider delisting"
42356,"Strawberry Preserves",pantry,0,443,51583,36.9,40,12.0,3341,"DEAD STOCK — Consider delisting"
13166,"Organic Milk Reduced Fat, 2% Milkfat","dairy eggs",1,462,95819,38.5,40,12.0,6027,"DEAD STOCK — Consider delisting"
3952,"Organic Broccoli Crowns",produce,1,499,111881,42.1,40,11.9,8103,"DEAD STOCK — Consider delisting"
27744,"Organic Whipping Cream","dairy eggs",1,472,23586,39.6,40,11.9,1731,"DEAD STOCK — Consider delisting"
4472,"Toasted Coconut Almondmilk Blend","dairy eggs",1,478,79501,40.3,40,11.9,6007,"DEAD STOCK — Consider delisting"
20119,"Sparkling Water Berry",beverages,1,540,144439,45.8,40,11.8,9180,"DEAD STOCK — Consider delisting"
49383,"Organic Bunch Beets",produce,1,481,95575,41.0,40,11.7,6327,"DEAD STOCK — Consider delisting"
48628,"Organic Whole Wheat Bread",bakery,1,476,99751,41.2,40,11.6,6538,"DEAD STOCK — Consider delisting"
11782,"Bing Cherries",produce,1,457,86236,39.9,40,11.5,5642,"DEAD STOCK — Consider delisting"
43662,"Yogurt, Strained Low-Fat, Coconut","dairy eggs",1,417,78296,36.5,40,11.4,6320,"DEAD STOCK — Consider delisting"
25466,Water,beverages,1,469,31015,41.2,40,11.4,2474,"DEAD STOCK — Consider delisting"
13249,"Skim Milk","dairy eggs",1,473,46387,41.5,40,11.4,3484,"DEAD STOCK — Consider delisting"
48745,"Globe Eggplant",produce,1,466,127828,41.3,40,11.3,9306,"DEAD STOCK — Consider delisting"
13629,"Organic Snipped Green Beans",produce,1,513,41938,45.5,40,11.3,3386,"DEAD STOCK — Consider delisting"
43086,"Super Greens Salad",produce,1,490,8845,43.7,40,11.2,716,"DEAD STOCK — Consider delisting"
5258,"Sparkling Water",beverages,1,496,95584,44.1,40,11.2,7109,"DEAD STOCK — Consider delisting"
32734,Spaghetti,"dry goods pasta",0,482,74267,43.4,40,11.1,5237,"DEAD STOCK — Consider delisting"
16349,"Organic Yams",produce,1,531,90031,48.2,40,11.0,6950,"DEAD STOCK — Consider delisting"
29662,"Potato Yukon Gold Organic",produce,1,439,39721,40.3,40,10.9,2796,"DEAD STOCK — Consider delisting"
3464,"Organic Butterhead (Boston, Butter, Bibb) Lettuce",produce,1,398,39621,36.5,40,10.9,2929,"DEAD STOCK — Consider delisting"
40709,"Sea Salt & Vinegar Potato Chips",snacks,0,425,77903,39.0,40,10.9,5832,"DEAD STOCK — Consider delisting"
40332,"Cage Free Brown Eggs-Large, Grade A","dairy eggs",1,486,55730,45.4,40,10.7,4406,"DEAD STOCK — Consider delisting"
47630,"Medium Navel Orange",produce,1,467,11544,43.8,40,10.7,958,"DEAD STOCK — Consider delisting"
4562,"English Seedless Cucumber",produce,1,443,144985,41.5,40,10.7,10310,"DEAD STOCK — Consider delisting"
28934,"Frozen Broccoli Florets",frozen,0,474,150960,44.5,40,10.7,11301,"DEAD STOCK — Consider delisting"
21333,"Original Whipped Cream Cheese","dairy eggs",1,421,15080,39.8,40,10.6,1169,"DEAD STOCK — Consider delisting"
13575,Apples,produce,1,500,116785,47.3,40,10.6,10098,"DEAD STOCK — Consider delisting"
15424,"Purified Water",beverages,1,440,106674,41.7,40,10.6,8442,"DEAD STOCK — Consider delisting"
38739,"Hass Avocado",produce,1,465,80873,44.0,40,10.6,6575,"DEAD STOCK — Consider delisting"
7963,"Gluten Free Whole Grain Bread",frozen,0,459,56250,43.4,40,10.6,4840,"DEAD STOCK — Consider delisting"
5782,"Grade A Large White Eggs","dairy eggs",1,339,100954,32.1,40,10.6,8357,"DEAD STOCK — Consider delisting"
9339,"Organic Chicken & Apple Sausage","meat seafood",1,512,79892,48.3,40,10.6,6029,"DEAD STOCK — Consider delisting"
38768,"Sweet Kale Salad Mix",produce,1,409,12045,38.7,40,10.6,966,"DEAD STOCK — Consider delisting"
45,"European Cucumber",produce,1,499,19286,47.5,40,10.5,1605,"DEAD STOCK — Consider delisting"
13740,"Organic Summer Strawberry Bunny Fruit Snacks",snacks,0,494,30174,47.0,40,10.5,2277,"DEAD STOCK — Consider delisting"
21195,"Organic Extra Virgin Olive Oil",pantry,0,404,91478,38.4,40,10.5,7318,"DEAD STOCK — Consider delisting"
39993,"Vine Ripe Tomatoes",produce,1,475,136947,45.8,40,10.4,11286,"DEAD STOCK — Consider delisting"
21386,Smartwater,beverages,1,439,37175,42.4,40,10.4,2923,"DEAD STOCK — Consider delisting"
13829,"Mild Salsa",pantry,0,410,131557,39.8,40,10.3,10593,"DEAD STOCK — Consider delisting"
47042,"Organic Red On the Vine Tomato",produce,1,445,65994,43.1,40,10.3,4783,"DEAD STOCK — Consider delisting"
36735,"Organic Roasted Sliced Chicken Breast",deli,1,413,63214,40.0,40,10.3,4887,"DEAD STOCK — Consider delisting"
24954,"Total 0% with Honey Nonfat Greek Strained Yogurt","dairy eggs",1,386,136069,37.6,40,10.3,10312,"DEAD STOCK — Consider delisting"
21267,"Sourdough Bread",bakery,1,493,13454,47.9,40,10.3,1184,"DEAD STOCK — Consider delisting"
5134,"Organic Thompson Seedless Raisins",snacks,0,401,68547,38.9,40,10.3,5793,"DEAD STOCK — Consider delisting"
27336,"Organic Rainbow Carrots",produce,1,404,111189,39.7,40,10.2,9056,"DEAD STOCK — Consider delisting"
21174,"I Heart Baby Kale",produce,1,438,56839,42.8,40,10.2,4383,"DEAD STOCK — Consider delisting"
8670,"Diced Tomatoes","canned goods",0,428,93860,42.1,40,10.2,7982,"DEAD STOCK — Consider delisting"
33129,"Classic Hummus",deli,1,438,123998,43.2,40,10.1,9941,"DEAD STOCK — Consider delisting"
6104,"Whole Milk Plain Yogurt","dairy eggs",1,442,56090,43.7,40,10.1,5085,"DEAD STOCK — Consider delisting"
8309,"Nonfat Icelandic Style Strawberry Yogurt","dairy eggs",1,401,43545,39.7,40,10.1,3793,"DEAD STOCK — Consider delisting"
46654,"Organic Grade A Large Brown Eggs","dairy eggs",1,441,52122,43.6,40,10.1,4443,"DEAD STOCK — Consider delisting"
13380,"Organic Blue Corn Tortilla Chips",snacks,0,464,60608,45.9,40,10.1,4664,"DEAD STOCK — Consider delisting"
28993,"Iceberg Lettuce",produce,1,484,168001,47.7,40,10.1,12712,"DEAD STOCK — Consider delisting"
19019,"Uncured Slow Cooked Ham",deli,1,381,86087,37.6,40,10.1,6638,"DEAD STOCK — Consider delisting"
10132,"Organic American Cheese Singles","dairy eggs",1,411,72443,41.1,40,10.0,5588,"DEAD STOCK — Consider delisting"
10673,"Original Nooks & Crannies English Muffins",bakery,1,494,83832,49.2,40,10.0,6302,"DEAD STOCK — Consider delisting"
38164,"Almonds & Sea Salt in Dark Chocolate",snacks,0,412,32886,41.0,40,10.0,2540,"DEAD STOCK — Consider delisting"
37710,"Trail Mix",snacks,0,413,123710,41.9,40,9.9,10687,"DEAD STOCK — Consider delisting"
3599,"Baked Aged White Cheddar Rice and Corn Puffs",snacks,0,410,18938,41.5,40,9.9,1524,"DEAD STOCK — Consider delisting"
6187,"Raisin Bran Cereal",breakfast,0,455,63755,46.1,40,9.9,4963,"DEAD STOCK — Consider delisting"
27325,"Alpine Spring Water",beverages,1,351,110456,35.7,40,9.8,9688,"DEAD STOCK — Consider delisting"
19677,"Original Pure Creamy Almond Milk","dairy eggs",1,446,124630,45.6,40,9.8,10204,"DEAD STOCK — Consider delisting"
10017,"Tilapia Filet","meat seafood",1,385,97043,39.3,40,9.8,8696,"DEAD STOCK — Consider delisting"
651,"Organic Salted Butter","dairy eggs",1,438,77605,44.5,40,9.8,6175,"DEAD STOCK — Consider delisting"
20734,"Organic Medjool Dates",snacks,0,395,35495,40.3,40,9.8,3278,"DEAD STOCK — Consider delisting"
3376,"Organic Whole Kernel Sweet Corn No Salt Added","canned goods",0,404,65763,41.8,40,9.7,5100,"DEAD STOCK — Consider delisting"
39190,"Vanilla Unsweetened Almond Milk","dairy eggs",1,366,63776,37.9,40,9.7,5085,"DEAD STOCK — Consider delisting"
17461,"Air Chilled Organic Boneless Skinless Chicken Breasts","meat seafood",1,404,52661,41.5,40,9.7,4260,"DEAD STOCK — Consider delisting"
47977,"Grapefruit Sparkling Water",beverages,1,443,78978,45.9,40,9.7,6187,"DEAD STOCK — Consider delisting"
22849,"Bunny-Luv Fresh Organic Carrots",produce,1,427,125102,44.4,40,9.6,10520,"DEAD STOCK — Consider delisting"
2855,"Organic Good Seed Bread",bakery,1,398,125935,41.3,40,9.6,10682,"DEAD STOCK — Consider delisting"
49175,"Organic Pinto Beans","canned goods",0,449,90253,46.7,40,9.6,7783,"DEAD STOCK — Consider delisting"
23537,"Light Brown Sugar",pantry,0,448,71420,46.9,40,9.6,6860,"DEAD STOCK — Consider delisting"
8048,"Packaged Grape Tomatoes",produce,1,326,73008,34.0,40,9.6,6519,"DEAD STOCK — Consider delisting"
18288,"Sea Salt Potato Chips",snacks,0,425,71026,44.9,40,9.5,6259,"DEAD STOCK — Consider delisting"
20955,Cereal,breakfast,0,390,68418,41.1,40,9.5,5741,"DEAD STOCK — Consider delisting"
27796,"Real Mayonnaise",pantry,0,378,90395,39.6,40,9.5,7096,"DEAD STOCK — Consider delisting"
45603,"Trilogy Kombucha Drink",beverages,1,475,69122,50.2,40,9.5,5640,"DEAD STOCK — Consider delisting"
39619,"Organic Tomato Basil Pasta Sauce","dry goods pasta",0,412,78910,44.0,40,9.4,6771,"DEAD STOCK — Consider delisting"
10957,"Fridge Pack Cola",beverages,1,420,72353,44.5,40,9.4,5975,"DEAD STOCK — Consider delisting"
29307,"Baby Arugula",produce,1,385,91980,41.1,40,9.4,7835,"DEAD STOCK — Consider delisting"
22395,"Tomato Sauce","canned goods",0,350,39928,37.4,40,9.4,3299,"DEAD STOCK — Consider delisting"
26800,"Organic Baby Kale Mix",produce,1,365,42395,38.9,40,9.4,3768,"DEAD STOCK — Consider delisting"
32691,"Vanilla Ice Cream",frozen,0,372,110982,39.4,40,9.4,9863,"DEAD STOCK — Consider delisting"
16965,"Chocolate Ice Cream",frozen,0,392,17722,41.7,40,9.4,1654,"DEAD STOCK — Consider delisting"
7175,"Organic Whipped Naturally Buttery Spread","dairy eggs",1,399,33317,42.8,40,9.3,2667,"DEAD STOCK — Consider delisting"
49520,"Orange Sparkling Water",beverages,1,427,19800,46.1,40,9.3,1592,"DEAD STOCK — Consider delisting"
13646,"Lemon Hummus",deli,1,409,117444,43.9,40,9.3,9433,"DEAD STOCK — Consider delisting"
35535,"Organic Red Chard Greens",produce,1,367,40242,39.6,40,9.3,3450,"DEAD STOCK — Consider delisting"
15937,Shallot,produce,1,410,43813,44.5,40,9.2,3957,"DEAD STOCK — Consider delisting"
7559,"Cinnamon Rolls with Icing",pantry,0,381,92328,41.5,40,9.2,8634,"DEAD STOCK — Consider delisting"
44765,"Colby Cheese Sticks","dairy eggs",1,356,10014,39.2,40,9.1,972,"DEAD STOCK — Consider delisting"
21295,"Organic Spaghetti Squash",produce,1,410,95182,45.1,40,9.1,8537,"DEAD STOCK — Consider delisting"
17795,"Organic Green Leaf Lettuce",produce,1,371,86384,40.9,40,9.1,7082,"DEAD STOCK — Consider delisting"
18234,"Organic Spinach Bunch",produce,1,379,17320,41.6,40,9.1,1755,"DEAD STOCK — Consider delisting"
19706,"Organic Nectarine",produce,1,404,16103,45.0,40,9.0,1386,"DEAD STOCK — Consider delisting"
25588,"Seedless Small Watermelon",produce,1,382,24353,42.4,40,9.0,2244,"DEAD STOCK — Consider delisting"
35140,"Organic Whole Cashews",snacks,0,408,46483,45.1,40,9.0,4401,"DEAD STOCK — Consider delisting"
42625,"Flat Parsley, Bunch",produce,1,372,13161,41.3,40,9.0,1202,"DEAD STOCK — Consider delisting"
11140,"Organic Romaine Leaf",produce,1,400,36124,44.2,40,9.0,3410,"DEAD STOCK — Consider delisting"
40545,"Berry Medley",frozen,0,364,47542,41.1,40,8.9,4557,"DEAD STOCK — Consider delisting"
20738,"Plain Bagels",bakery,1,378,70002,42.4,40,8.9,7233,"DEAD STOCK — Consider delisting"
42244,"Total 2% All Natural Low Fat 2% Milkfat Greek Strained Yogurt","dairy eggs",1,371,99996,41.7,40,8.9,10273,"DEAD STOCK — Consider delisting"
21872,"Organic Italian Salad",produce,1,382,58301,42.9,40,8.9,5889,"DEAD STOCK — Consider delisting"
1511,"2% Reduced Fat DHA Omega-3 Reduced Fat Milk","dairy eggs",1,323,116765,36.1,40,8.9,9811,"DEAD STOCK — Consider delisting"
41658,"Authentic French Brioche Hamburger Buns",bakery,1,369,124918,41.9,40,8.8,11394,"DEAD STOCK — Consider delisting"
47141,Cola,beverages,1,325,71997,37.2,40,8.7,6523,"DEAD STOCK — Consider delisting"
35561,"Organic Tortilla Chips",snacks,0,388,92682,44.8,40,8.7,9635,"DEAD STOCK — Consider delisting"
11408,"Crushed Tomatoes","canned goods",0,334,84419,38.3,40,8.7,7618,"DEAD STOCK — Consider delisting"
25340,"Large Yellow Flesh Nectarine",produce,1,368,70663,42.3,40,8.7,6589,"DEAD STOCK — Consider delisting"
6873,"Organic Iceberg Lettuce",produce,1,332,44471,38.8,40,8.6,3957,"DEAD STOCK — Consider delisting"
10644,"Italian Extra Virgin Olive Oil",pantry,0,404,91296,47.1,40,8.6,8353,"DEAD STOCK — Consider delisting"
36070,"Super Spinach! Baby Spinach, Baby Bok Choy, Sweet Baby Kale",produce,1,341,65670,39.8,40,8.6,5873,"DEAD STOCK — Consider delisting"
5456,"Green Tea With Ginseng and Honey",deli,1,364,46552,42.5,40,8.6,4109,"DEAD STOCK — Consider delisting"
39947,"Blackberry Cucumber Sparkling Water",beverages,1,310,39054,35.9,40,8.6,3675,"DEAD STOCK — Consider delisting"
7969,Lime,produce,1,314,71221,36.7,40,8.6,6611,"DEAD STOCK — Consider delisting"
31066,"Aluminum Foil",household,0,332,51002,38.6,40,8.6,5203,"DEAD STOCK — Consider delisting"
15902,"100 Calorie  Per Bag Popcorn",snacks,0,407,45914,47.6,40,8.6,4099,"DEAD STOCK — Consider delisting"
42719,"Natural Premium Coconut Water",beverages,1,397,11874,46.0,40,8.6,1034,"DEAD STOCK — Consider delisting"
39561,"Crackers Cheddar Bunnies Snack Packs",snacks,0,357,11513,41.3,40,8.6,1048,"DEAD STOCK — Consider delisting"
5646,"Organic Turkey Bacon","meat seafood",1,368,82944,43.5,40,8.5,8341,"DEAD STOCK — Consider delisting"
15613,"Salted Tub of Butter","dairy eggs",1,359,112105,42.1,40,8.5,11403,"DEAD STOCK — Consider delisting"
30827,"Seedless Cucumbers",produce,1,324,16038,38.3,40,8.5,1728,"DEAD STOCK — Consider delisting"
44570,"Kale Greens",produce,1,365,21597,43.1,40,8.5,2170,"DEAD STOCK — Consider delisting"
28601,"Collard Greens",produce,1,372,88376,44.0,40,8.5,7839,"DEAD STOCK — Consider delisting"
7503,"Whole Almonds",snacks,0,343,10702,40.7,40,8.4,1023,"DEAD STOCK — Consider delisting"
19691,"Green Seedless Grapes",produce,1,347,115641,41.5,40,8.4,10613,"DEAD STOCK — Consider delisting"
40516,"Organic Romaine Hearts",produce,1,392,19659,46.5,40,8.4,1849,"DEAD STOCK — Consider delisting"
46720,"Organic Free Range Chicken Broth","canned goods",0,398,84802,47.2,40,8.4,8399,"DEAD STOCK — Consider delisting"
41588,"Firm Tofu",deli,1,361,11307,42.8,40,8.4,1138,"DEAD STOCK — Consider delisting"
13535,"Organic Medium Salsa",pantry,0,391,35272,46.8,40,8.4,3831,"DEAD STOCK — Consider delisting"
22124,"Total 0% Raspberry Yogurt","dairy eggs",1,338,66650,40.7,40,8.3,6092,"DEAD STOCK — Consider delisting"
48775,"Organic Red Cabbage",produce,1,470,167875,56.4,40,8.3,15570,"DEAD STOCK — Consider delisting"
1194,"Natural Artisan Water",beverages,1,329,35512,39.6,40,8.3,3216,"DEAD STOCK — Consider delisting"
2228,"Organic Frozen Mango Chunks",frozen,0,319,54268,38.5,40,8.3,4893,"DEAD STOCK — Consider delisting"
2825,"Organic Original Hommus",deli,1,401,14965,49.2,40,8.2,1483,"DEAD STOCK — Consider delisting"
3298,"Mozzarella String Cheese","dairy eggs",1,354,12893,43.3,40,8.2,1436,"DEAD STOCK — Consider delisting"
9092,"Organic Vegetable Broth","canned goods",0,293,66766,35.8,40,8.2,6336,"DEAD STOCK — Consider delisting"
33401,"Goat Cheese Crumbles","dairy eggs",1,334,54435,40.8,40,8.2,5053,"DEAD STOCK — Consider delisting"
7751,"Tomato Ketchup",pantry,0,349,21076,43.0,40,8.1,1963,"DEAD STOCK — Consider delisting"
16696,"Coke Classic",beverages,1,335,66297,41.2,40,8.1,6686,"DEAD STOCK — Consider delisting"
1025,"Organic Fresh Basil",produce,1,333,30476,40.9,40,8.1,3308,"DEAD STOCK — Consider delisting"
18479,"Organic Low Sodium Vegetable Broth","canned goods",0,344,14823,42.6,40,8.1,1600,"DEAD STOCK — Consider delisting"
45123,"Organic 21 Grain Thin Sliced Bread",bakery,1,348,94566,43.2,40,8.1,9799,"DEAD STOCK — Consider delisting"
37029,"Cream Cheese Spread","dairy eggs",1,351,28392,43.1,40,8.1,2610,"DEAD STOCK — Consider delisting"
19173,"Orange Calcium & Vitamin D Pulp Free",beverages,1,340,22858,42.1,40,8.1,2378,"DEAD STOCK — Consider delisting"
1244,"Organic Orange Bell Pepper",produce,1,345,103641,42.4,40,8.1,9715,"DEAD STOCK — Consider delisting"
36724,"Organic Sea Salt Roasted Seaweed Snacks",international,0,352,105875,44.0,40,8.0,10712,"DEAD STOCK — Consider delisting"
46584,"YoKids Blueberry & Strawberry/Vanilla Yogurt","dairy eggs",1,349,60771,43.4,40,8.0,5603,"DEAD STOCK — Consider delisting"
14084,"Organic Unsweetened Vanilla Almond Milk","dairy eggs",1,368,17458,46.0,40,8.0,2008,"DEAD STOCK — Consider delisting"
5194,"Organic Bunny Fruit Snacks Berry Patch",snacks,0,357,11146,44.7,40,8.0,1193,"DEAD STOCK — Consider delisting"
3896,"Organic Honey Sweet Whole Wheat Bread",bakery,1,364,74463,46.0,40,7.9,7063,"DEAD STOCK — Consider delisting"
22474,"Cheddar Bunnies Snack Crackers",snacks,0,319,43327,40.3,40,7.9,4234,"DEAD STOCK — Consider delisting"
12206,"Basil Pesto","dry goods pasta",0,370,104085,46.6,40,7.9,10004,"DEAD STOCK — Consider delisting"
12916,"Ginger Ale",beverages,1,348,86673,44.1,40,7.9,8478,"DEAD STOCK — Consider delisting"
15872,"Celery Hearts",produce,1,321,85242,41.1,40,7.8,9054,"DEAD STOCK — Consider delisting"
14233,"Natural Artesian Water",beverages,1,382,85648,49.0,40,7.8,8424,"DEAD STOCK — Consider delisting"
35042,"Black Beans","canned goods",0,350,16835,45.0,40,7.8,1769,"DEAD STOCK — Consider delisting"
15261,"Organic Rosemary",produce,1,357,111623,45.9,40,7.8,11022,"DEAD STOCK — Consider delisting"
31915,"Organic Red Delicious Apple",produce,1,340,20573,44.4,40,7.7,2411,"DEAD STOCK — Consider delisting"
24561,"Organic Cheese Frozen Pizza",frozen,0,312,41396,40.7,40,7.7,4262,"DEAD STOCK — Consider delisting"
35898,"Original Hot Sauce",pantry,0,375,68029,48.6,40,7.7,6996,"DEAD STOCK — Consider delisting"
35914,"Dha Omega 3 Reduced Fat 2% Milk","dairy eggs",1,368,36373,47.5,40,7.7,3488,"DEAD STOCK — Consider delisting"
28745,"Oven Roasted Turkey",deli,1,297,8295,38.9,40,7.6,921,"DEAD STOCK — Consider delisting"
44628,"Organic Dijon Mustard",pantry,0,308,80058,40.7,40,7.6,9385,"DEAD STOCK — Consider delisting"
26497,"Romaine Lettuce",produce,1,330,83134,43.3,40,7.6,9551,"DEAD STOCK — Consider delisting"
34262,"Hint Of Sea Salt Almond Nut Thins",snacks,0,331,78950,43.6,40,7.6,8453,"DEAD STOCK — Consider delisting"
5769,"Organic Chicken Stock","canned goods",0,341,101141,45.1,40,7.6,11243,"DEAD STOCK — Consider delisting"
14161,Kiwi,produce,1,328,72842,43.4,40,7.6,7273,"DEAD STOCK — Consider delisting"
40723,"Organic Cripps Pink Apples",produce,1,300,8781,39.3,40,7.6,983,"DEAD STOCK — Consider delisting"
28476,"Organic Small Curd Cottage Cheese","dairy eggs",1,365,114515,48.7,40,7.5,12157,"DEAD STOCK — Consider delisting"
11422,"Plain Greek Yogurt","dairy eggs",1,320,46752,42.4,40,7.5,5297,"DEAD STOCK — Consider delisting"
45200,"Organic Cauliflower",produce,1,346,96928,45.9,40,7.5,9730,"DEAD STOCK — Consider delisting"
13198,"85% Lean Ground Beef","meat seafood",1,318,19522,42.3,40,7.5,2156,"DEAD STOCK — Consider delisting"
11005,"Organic Cream Cheese Bar","dairy eggs",1,298,79283,39.9,40,7.5,8696,"DEAD STOCK — Consider delisting"
16521,"Walnut Halves & Pieces",snacks,0,352,48791,47.2,40,7.5,4965,"DEAD STOCK — Consider delisting"
8571,"Baby Cucumbers",produce,1,305,92040,40.8,40,7.5,9194,"DEAD STOCK — Consider delisting"
4086,Mint,produce,1,290,52551,39.1,40,7.4,5324,"DEAD STOCK — Consider delisting"
23029,"Organic Uncured Sliced Black Forest Ham",deli,1,356,112008,48.1,40,7.4,13223,"DEAD STOCK — Consider delisting"
17122,"Honeycrisp Apples",produce,1,303,36036,41.3,40,7.3,3971,"DEAD STOCK — Consider delisting"
9020,"Boneless Skinless Chicken Thighs","meat seafood",1,341,75184,46.8,40,7.3,9046,"DEAD STOCK — Consider delisting"
24024,"1% Lowfat Milk","dairy eggs",1,291,80849,39.9,40,7.3,10225,"DEAD STOCK — Consider delisting"
41065,"Organic Yellow Squash",produce,1,318,18689,43.6,40,7.3,2168,"DEAD STOCK — Consider delisting"
12845,"Chopped Walnuts",snacks,0,322,45711,44.0,40,7.3,5742,"DEAD STOCK — Consider delisting"
14462,"Sliced Black Olives",pantry,0,328,17751,44.8,40,7.3,1882,"DEAD STOCK — Consider delisting"
10070,"Organic 1% Low Fat Milk","dairy eggs",1,291,49453,40.5,40,7.2,5593,"DEAD STOCK — Consider delisting"
11068,"Medium Cheddar Cheese Block","dairy eggs",1,313,30245,43.3,40,7.2,3800,"DEAD STOCK — Consider delisting"
5373,"Organic No Salt Added Diced Tomatoes","canned goods",0,296,61660,41.3,40,7.2,6591,"DEAD STOCK — Consider delisting"
42110,"Organic Macaroni Shells & Real Aged Cheddar","dry goods pasta",0,311,109637,42.9,40,7.2,11628,"DEAD STOCK — Consider delisting"
16083,"Organic Large Brown Eggs","dairy eggs",1,318,66538,44.2,40,7.2,7338,"DEAD STOCK — Consider delisting"
37220,"Organic Strawberry Fruit Spread",pantry,0,337,70409,47.1,40,7.2,8056,"DEAD STOCK — Consider delisting"
13733,"Red Potatoes",produce,1,330,97753,45.8,40,7.2,10873,"DEAD STOCK — Consider delisting"
46616,"Organic Dark Chocolate Peanut Butter Cups",snacks,0,278,51750,38.5,40,7.2,6143,"DEAD STOCK — Consider delisting"
24841,"Aged White Cheddar Baked Rice & Corn Puffs Gluten Free Lunch Packs",snacks,0,314,30662,44.1,40,7.1,3405,"DEAD STOCK — Consider delisting"
37524,"Fresh Mozzarella Ball","dairy eggs",1,331,104205,46.5,40,7.1,11425,"DEAD STOCK — Consider delisting"
5161,"Dried Mango",bulk,0,313,14752,44.1,40,7.1,1740,"DEAD STOCK — Consider delisting"
329,"Organic Whole Grassmilk Milk","dairy eggs",1,275,71247,38.8,40,7.1,8885,"DEAD STOCK — Consider delisting"
18811,"Organic Apple Juice",beverages,1,293,86945,41.6,40,7.0,10639,"DEAD STOCK — Consider delisting"
4656,"Raspberry Preserves",pantry,0,282,70731,40.2,40,7.0,8098,"DEAD STOCK — Consider delisting"
21573,"Roasted Pine Nut Hummus",deli,1,318,9003,45.2,40,7.0,1024,"DEAD STOCK — Consider delisting"
44449,"Organic Tomato Sauce","canned goods",0,335,45537,47.8,40,7.0,5084,"DEAD STOCK — Consider delisting"
18918,"Organic Chopped Spinach",frozen,0,312,100595,44.8,40,7.0,12426,"DEAD STOCK — Consider delisting"
44799,"Fresh CA Grown Eggs","dairy eggs",1,273,79440,39.3,40,6.9,9814,"DEAD STOCK — Consider delisting"
43504,"Organic Chicken Strips",frozen,0,278,11487,40.1,40,6.9,1269,"DEAD STOCK — Consider delisting"
25824,"Pita Chips Simply Naked",snacks,0,278,89116,40.7,40,6.8,10330,"DEAD STOCK — Consider delisting"
20345,"Thin Crust Pepperoni Pizza",frozen,0,307,58155,44.9,40,6.8,7099,"DEAD STOCK — Consider delisting"
38273,"Marinara Pasta Sauce","dry goods pasta",0,311,52864,45.9,40,6.8,6332,"DEAD STOCK — Consider delisting"
32177,"Blood Oranges",produce,1,325,72946,48.7,40,6.7,8901,"DEAD STOCK — Consider delisting"
21292,"Rainbow Bell Peppers",produce,1,316,100529,47.2,40,6.7,11526,"DEAD STOCK — Consider delisting"
17706,"Organic Whole Grain Wheat English Muffins",bakery,1,292,36877,43.5,40,6.7,4290,"DEAD STOCK — Consider delisting"
47759,"Mandarin Oranges",produce,1,295,95250,44.3,40,6.7,12361,"DEAD STOCK — Consider delisting"
5322,"Gluten Free Dark Chocolate Chunk Chewy with a Crunch Granola Bars",snacks,0,268,15978,40.7,40,6.6,1817,"DEAD STOCK — Consider delisting"
34584,"Organic Sliced Peaches",frozen,0,239,72343,36.2,40,6.6,8887,"DEAD STOCK — Consider delisting"
20082,"Organic Whole Milk with DHA Omega-3","dairy eggs",1,307,80848,46.3,40,6.6,9884,"DEAD STOCK — Consider delisting"
46820,"Vanilla Pure Almond Milk","dairy eggs",1,286,55372,44.3,40,6.5,6688,"DEAD STOCK — Consider delisting"
9825,"Organic Multigrain Waffles",frozen,0,279,27939,43.0,40,6.5,3425,"DEAD STOCK — Consider delisting"
14197,"Tomato Paste","dry goods pasta",0,272,41592,41.8,40,6.5,5021,"DEAD STOCK — Consider delisting"
33055,"Organic Golden Delicious Apple",produce,1,267,11422,41.4,40,6.4,1358,"DEAD STOCK — Consider delisting"
27323,"Pure & Natural Sour Cream","dairy eggs",1,275,29769,43.4,40,6.3,3607,"DEAD STOCK — Consider delisting"
11712,"Cage Free Large White Eggs","dairy eggs",1,256,38973,40.8,40,6.3,4823,"DEAD STOCK — Consider delisting"
2314,"Whole Milk Ricotta Cheese","dairy eggs",1,273,34292,43.5,40,6.3,4073,"DEAD STOCK — Consider delisting"
6948,"Organic Original Almond Milk","dairy eggs",1,290,38152,46.6,40,6.2,5035,"DEAD STOCK — Consider delisting"
26384,"Large Brown Eggs","dairy eggs",1,280,91946,45.6,40,6.1,11688,"DEAD STOCK — Consider delisting"
26348,"Mixed Fruit Fruit Snacks",snacks,0,268,7274,43.9,40,6.1,914,"DEAD STOCK — Consider delisting"
25513,"Boomchickapop Sea Salt Popcorn",snacks,0,276,56638,44.9,40,6.1,8047,"DEAD STOCK — Consider delisting"
21927,"Organic Boneless Skinless Chicken Breast","meat seafood",1,274,65963,45.2,40,6.1,9127,"DEAD STOCK — Consider delisting"
4421,"Organic Beef Uncured Hot Dogs","meat seafood",1,286,87748,47.0,40,6.1,13112,"DEAD STOCK — Consider delisting"
17316,"Vitamin D Organic Whole Milk","dairy eggs",1,286,54228,48.2,40,5.9,7792,"DEAD STOCK — Consider delisting"
1999,"Organic Chicken Broth","canned goods",0,219,70770,37.2,40,5.9,9082,"DEAD STOCK — Consider delisting"
17758,"Strawberry Rhubarb Yoghurt","dairy eggs",1,273,22967,46.4,40,5.9,3051,"DEAD STOCK — Consider delisting"
20574,"Roasted Turkey",deli,1,254,81402,43.9,40,5.8,11006,"DEAD STOCK — Consider delisting"
44560,"Kids Organic Chocolate Chip ZBars",snacks,0,242,67898,42.1,40,5.7,9239,"DEAD STOCK — Consider delisting"
32433,"Green Peas",frozen,0,226,32526,41.9,40,5.4,4858,"DEAD STOCK — Consider delisting"
12980,"Large Greenhouse Tomato",produce,1,221,69785,45.1,40,4.9,10722,"DEAD STOCK — Consider delisting"
2452,"Naturals Chicken Nuggets",frozen,0,210,48346,47.2,40,4.4,9911,"DEAD STOCK — Consider delisting"
13517,"Whole Wheat Bread",bakery,1,182,21591,44.4,40,4.1,3940,"DEAD STOCK — Consider delisting"
35628,"Organic Strawberry Smoothie","dairy eggs",1,155,8691,40.7,40,3.8,1807,"DEAD STOCK — Consider delisting"
